username,location,dpto5,classification
harrycamilo,Monte Grande,06260,ambiguous
Lexicat,"Morrison Bluff, Arkansas",14175,ambiguous
mhutiyamona,"Randburg, hurlingham",06408,ambiguous
mcgbox,City Bell,06441,ambiguous
mtsortiz,Punta Alta,06182,ambiguous
lucasapaza98,General Rodriguez,06364,ambiguous
AraceliRocca,Sunchales,82021,ambiguous
LeandroGodoy21,Baradero,06070,ambiguous
HCardachi,Hurlingham,06408,ambiguous
dulinmechanicals,"1551 Morrison Rd, Concord, NC, 28025",14175,ambiguous
Tecnorackssrl,Florencio Varela,06274,ambiguous
silmalat,Carlos Casares,06147,ambiguous
IgnacioCanob,Villaguay,30113,ambiguous
jjordandg,Ramos Mejia,06427,ambiguous
jgfontana,"Sarandi, RS",06035,ambiguous
Renzo1525,Villa Estacion Ramallo,06665,ambiguous
reflexion-ando,Gregorio de Laferrere,06427,ambiguous
martian68,Villa Allende,14021,ambiguous
eldeandreani,El Jaguel,06260,ambiguous
IgnacioCarozza,Tres arroyos,06833,ambiguous
aghio,Bernal,06658,ambiguous
anagritz,"Sarandi, PR",06035,ambiguous
alexisklisch,"Bosques, Florencio Varela",06274,ambiguous
educacionurbana,Hurlingham,06408,ambiguous
Ramiro-Alberca-Rasse,General VIllegas,06392,ambiguous
juan2000,banfield este serrano 123 timbre 1,06490,ambiguous
Necrorfz,Berazategui,06091,ambiguous
audreyrread,"Hernando, MS",14154,ambiguous
gabiervaz,Oncativo,14112,ambiguous
diazfrancisco,Necochea,06581,ambiguous
